STT,Link
KH_09,https://drive.google.com/file/d/1orFrJplFzSuWJkG_1_HcWYzTdru1PoLT/view?usp=sharing
KH_44,https://drive.google.com/file/d/1DbwX4i779b8WAhC8icfTGzHkQJHcCdXb/view?usp=sharing
KH_136,https://drive.google.com/file/d/1eyliSsUnaTsrJ-UlHyBH5g6hfIaMJ0XT/view?usp=sharing
KH_167,https://drive.google.com/file/d/14sG15t9x_woWmCt29Gjp6k6xljGABB9Z/view?usp=sharing
KH_194,https://drive.google.com/file/d/11R2T16k8tJARlt2QUOC551dJFEj1Ims2/view?usp=sharing
KH_386,https://drive.google.com/file/d/106WGLMutZCU1REwIC9ESNncMM9Kq0cpg/view?usp=sharing
KH_428,https://drive.google.com/file/d/1QgBleCc2_ovNmm6R2JosID6-WA_Z8eiN/view?usp=sharing
KH_444,https://drive.google.com/file/d/1l1Ey00aVoEpkgtuorb8a2IKoCSWG33Wz/view?usp=sharing
KH_461,https://drive.google.com/file/d/1dR0bSCQo24z3WipVwg5-MzHmqCzLXVxi/view?usp=sharing
KH_462,https://drive.google.com/file/d/1VaVnG_3GmBJj8Vjky_uVDbxkbhL6GxJm/view?usp=sharing
KH_508,https://drive.google.com/file/d/1ZShdw3V8wtKp58QPYp9N8XXtYqSUR00v/view?usp=sharing
KH_597,https://drive.google.com/file/d/1nKReU4OwSKNjUnogMz_xNLUd8nxPL8jf/view?usp=sharing
KH_636,https://drive.google.com/file/d/1ceA4poTCpmuYEjHipwLvZtpkUhj-li8H/view?usp=sharing
KH_749,https://drive.google.com/file/d/1kHmO4BWwGzRlnZeVHGxYqA6JC8s-M0db/view?usp=sharing
KH_772,https://drive.google.com/file/d/1nEqJM3p1eySZCpLjw2vcAL0i5mcUCt-P/view?usp=sharing
KH_811,https://drive.google.com/file/d/1di_htKDtXZo0J0bwiUeEQ0hgP4yFipAw/view?usp=sharing
KH_821,https://drive.google.com/file/d/1dXxFoLLIBXrCUK7HVT_T5IFxpT9ww9di/view?usp=sharing
KH_866,https://drive.google.com/file/d/1ggRk-PGfcPI8cW5Z3JzVdpJFq0uQmMMs/view?usp=sharing
KH_1011,https://drive.google.com/file/d/14hMiSch4YaddHVFKa1ah5Gvj6yhFdHKs/view?usp=sharing
KH_580,https://drive.google.com/file/d/1NRH1dt-Dn3l93H_xvOlDQ9-gleCdopRF/view?usp=sharing
KH_659,https://drive.google.com/file/d/16AM1ZqdfNCBlLZMQeZN4NvBJrqNq-XMq/view?usp=sharing
KH_680,https://drive.google.com/file/d/1yWXuc0p3JmC2n4mFTMHUJwCmXF2CkEHY/view?usp=sharing
KH_751,https://drive.google.com/file/d/1T8mkcrwSy0JZaR2YzyYWZTbjLwyyXa2v/view?usp=sharing
TB_48,https://drive.google.com/file/d/1bWk0KZrD9-aSJjFy2H0gxSI0BWzO0zYp/view?usp=sharing
TB_94,https://drive.google.com/file/d/1qnqwp0PhsDo_EjfDGBbiKPT3Oo8qERhG/view?usp=sharing
TB_196,https://drive.google.com/file/d/1iWUPSIA1ld503XSf-JAgd-kL-cGV6T2d/view?usp=sharing
TB_173,https://drive.google.com/file/d/1QfQ8LnElwy-rdqdu7Z7u-Wkzjd0U05lz/view?usp=sharing
TB_188,https://drive.google.com/file/d/1-I699PXmd5P8W-ekGFqaYMqc2NYzd9Ey/view?usp=sharing
TB_193,https://drive.google.com/file/d/1nj3rzHP4hp2xtEC1cmgZ7Lsc9-HOgR97/view?usp=sharing
TB_211,https://drive.google.com/file/d/1S_lXrjB7WWgFOjXT_ed6ZH5JcYjQzNPr/view?usp=sharing
TB_216,https://drive.google.com/file/d/17zDX2ls5nRQ8TbU0IgQp5Y0OauO3L2le/view?usp=sharing
TB_217,https://drive.google.com/file/d/1EodslgegsQ32aj8D5n65px9j7VrgcRJd/view?usp=sharing
TB_218,https://drive.google.com/file/d/18DqBdx4YdPrDaF0fH7u2_0pJZQSSBBgp/view?usp=sharing
TB_235,https://drive.google.com/file/d/159TCbZCGbKDDBsA8QzMc6rgfQspVsX2-/view?usp=sharing
TB_266,https://drive.google.com/file/d/10BbSsNRumMyVIq9X-hajMwh9qwxmwOrS/view?usp=sharing
TB_278,https://drive.google.com/file/d/1Z6e3vUAX6eAdWL2wS3jswGqcwyE8QT-U/view?usp=sharing
TB_288,https://drive.google.com/file/d/1bNX-GA63pQcRbtn0o7yVeFYK7qt2Y43M/view?usp=sharing
TB_306,https://drive.google.com/file/d/1uKVPIhWTmRi03MxguJeWtXjTzhR8CIMO/view?usp=sharing
TB_313,https://drive.google.com/file/d/1wiz2cSbs1qiiTGAd4He-l41dacCeOYFw/view?usp=sharing
TB_339,https://drive.google.com/file/d/13ix6FM1p-RYSwciJKDbrCwX_5AhDfNW6/view?usp=sharing
TB_362,https://drive.google.com/file/d/1B8o7JvsFwBuz_NKx5AOMdF5V7t1WzuHD/view?usp=sharing
TB_368,https://drive.google.com/file/d/1GOVOfGBC_nRHCMwRACVebH5cuPEOgV38/view?usp=sharing
TB_369,https://drive.google.com/file/d/1xB4fRBY_Aa0kyBVNB6qDccvb2uHRgTIU/view?usp=sharing
TB_370,https://drive.google.com/file/d/17TsuUym1NiHdcqLSm5ep7KM6Ouv94ajf/view?usp=sharing
TB_387,https://drive.google.com/file/d/11AyjXfgVwlD5LTx1u6QYTnRep70XPrxq/view?usp=sharing
TB_389,https://drive.google.com/file/d/1cDmmO8PHE5JDzkgCmY_xltRVzm_7ViyU/view?usp=sharing
TB_401,https://drive.google.com/file/d/1IO-FolZRoirVqc6loyTK8i3SIt8az6OX/view?usp=sharing
TB_410,https://drive.google.com/file/d/1AANdpcT9pu8zqU_u2M64kdclgJfPTvoK/view?usp=sharing
TB_418,https://drive.google.com/file/d/15YiH-QBHdkvSK0X2ccBGniTbOMhve5Jz/view?usp=sharing
TB_426,https://drive.google.com/file/d/1xdLsLEQck2lrqn4CLJ9j4u5ylLf3Ujn4/view?usp=sharing
TB_458,https://drive.google.com/file/d/106PmNma0Ywz0KJgX-qyv5T1UQ02ytIHU/view?usp=sharing
TB_463,https://drive.google.com/file/d/1TlVfeDcvTWckJBvJOfjjwuJe35gKmfqC/view?usp=sharing
TB_466,
TB_490,https://drive.google.com/file/d/1C2A8Y-ZhsLxQmipaczZn4DMX25FzHp3p/view?usp=sharing
TB_493,https://drive.google.com/file/d/1B2G9WTPk61E4nZa5N3GY5Rnxxl5FWKBQ/view?usp=sharing
TB_494,https://drive.google.com/file/d/1HK1stunIIgNda2mrI3GaLNP1WGAdXqL6/view?usp=sharing
TB_506,https://drive.google.com/file/d/1VSWNZcfe9sTYWWC4H57hGObWSg9LIyFe/view?usp=sharing
TB_523,https://drive.google.com/file/d/1DrOUA72EzNhFXyA5yWP2n9wHEdNJO9h1/view?usp=sharing
TB_531,https://drive.google.com/file/d/1DnTwUF3c63B2JntEtZoWmRT5UGXONZX5/view?usp=sharing
TB_535,https://drive.google.com/file/d/1-_R09UrfaoGTwaSbeD5qbyidjIL-42R9/view?usp=sharing
TB_543,https://drive.google.com/file/d/1AW94qF4WkNJHL-S8ZOc88vXcg7DBmd1n/view?usp=sharing
TB_598,https://drive.google.com/file/d/1SI9VgGglKdQVnza-5JJbNykiwzv6cZKC/view?usp=sharing
TB_612,https://drive.google.com/file/d/1e3OQ-G_DSUg9ZjbuwrtNwtsG7B4aXl1e/view?usp=sharing
TB_615,https://drive.google.com/file/d/1Bxa3JK2M3JALAixNMBk7gRysVapRlNvr/view?usp=sharing
TB_653,https://drive.google.com/file/d/1jXXVZKKs3wE8VaivjhrG5HWTSNvnw0Hh/view?usp=sharing
TB_656,https://drive.google.com/file/d/1L7bSfEFJQBKdd9Pb_ul8MJAHdw38q7_n/view?usp=sharing
TB_674,https://drive.google.com/file/d/1sy2KZC9fHWfPuQtzHtU6EM-zk69_qRz-/view?usp=sharing
TB_676,https://drive.google.com/file/d/1JLb953XezyCKBEp4l3PSclHtOuB47CDg/view?usp=sharing
TB_693,https://drive.google.com/file/d/15su0AI1zADpeT2m-BRO63xhsdv-Eob9z/view?usp=sharing
TB_696,https://drive.google.com/file/d/1KHdIh33TSOi4IwSraZ_ELxNWfK0b-0lO/view?usp=sharing
TB_714,https://drive.google.com/file/d/1V3EPS0IdiN4B73TKMzFeA2Q-0CtHPW2Y/view?usp=sharing
TB_746,https://drive.google.com/file/d/1rQ40rEjofvm50HFV7zRdGV2r2slgSDv-/view?usp=sharing
TB_763,https://drive.google.com/file/d/1pcq4pq07KIO4oscN63DprbJMGK2a5Gf1/view?usp=sharing
TB_764,https://drive.google.com/file/d/1gXkAAVGnuit_2gmmOiQSLvD0h5Egjfz0/view?usp=sharing
TB_770,https://drive.google.com/file/d/12viAgfTZzRvUzOlWRPfiBNSLHF03zhHr/view?usp=sharing
TB_772,https://drive.google.com/file/d/1nEqJM3p1eySZCpLjw2vcAL0i5mcUCt-P/view?usp=sharing
TB_798,https://drive.google.com/file/d/1c64QnnqJAEkBxWWum_cYymLZdMOeTw0h/view?usp=sharing
TB_802,https://drive.google.com/file/d/1AyXapx7auxGtmLviPs8KicrTZIavcRqE/view?usp=sharing
TB_856,https://drive.google.com/file/d/15mCoY80eiDBE0PJUF10ost_VH72dJA2f/view?usp=sharing
TB_879,https://drive.google.com/file/d/1_ge6F5RuNC8efQ23oFUeW9qbyDqEVrUz/view?usp=sharing
TB_906_9_2023,https://drive.google.com/file/d/1j9GdhnxmFxjGirjDpis2LL6zKxiKU41W/view?usp=sharing
TB_906_7_2025,https://drive.google.com/file/d/1BN3Dc_tyoXuq-bJ66Ej-mb5o9kUVbfAw/view?usp=sharing
TB_908,https://drive.google.com/file/d/1sUvcpAGOBpVLDGCB8JJuslv9bms9G6aC/view?usp=sharing
TB_937,https://drive.google.com/file/d/1XsqzgAIR9k9s4TuX5JAPld70NskhelTJ/view?usp=sharing
TB_972,https://drive.google.com/file/d/1-mgTnUEMQa61bAiPrwRMdCmydJNForx6/view?usp=sharing
TB_985,https://drive.google.com/file/d/10IGZ3tBXXQahIXYPkrRhFlFMY0KeZ_HY/view?usp=sharing
TB_1018,https://drive.google.com/file/d/1riBXaNAmHOU1Fid06ivx_GfXZRaeFqw-/view?usp=sharing
TB_1027,https://drive.google.com/file/d/1iOORYJpnq4OOUAQDRWAtLy1MC42-mQsz/view?usp=sharing
TB_1072,https://drive.google.com/file/d/16LE0dO1NiO883gx9cCQHBQAff72NqbDZ/view?usp=sharing
TB_1088,https://drive.google.com/file/d/1ISBgwDgPpW-pgA72Uln1izEdS2-ova3P/view?usp=sharing
TB_1127,https://drive.google.com/file/d/1SX7y5LgRbEnWW63-UMcuwrTDq_-GiVr-/view?usp=sharing
TB_173,https://drive.google.com/file/d/1b36ZbxFxRCteG-VIwJc65ZamYMWZvmcr/view?usp=sharing
TB_404,https://drive.google.com/file/d/1EliOhrWloxRHrh7smsR5_UHGAos6DaMJ/view?usp=sharing
TB_409,https://drive.google.com/file/d/16mxwoiHl2JkeXBgPQCgWlroekYAzsnUt/view?usp=sharing
TB_476,https://drive.google.com/file/d/1xyLaSxD_m0_4Ta2dowc7Jlsl-0DMJVXe/view?usp=sharing
TB_477,https://drive.google.com/file/d/1eacil_D2bqJ7oE2q5CMxnQbbU679ryeY/view?usp=sharing
TB_498,https://drive.google.com/file/d/1wc9CHD46Zn2mH7UwWc5X0Aiu0YGU3jib/view?usp=sharing
TB_501,https://drive.google.com/file/d/1xtb_lc5qJ0xSLflXR7uLoHxcYFCjna_7/view?usp=sharing
TB_510,https://drive.google.com/file/d/15kOT-Wasvy7J1V1xK2VGl3f4Cy9-DK_C/view?usp=sharing
TB_536,https://drive.google.com/file/d/1i0iymZqhRZFZUpuBii5IQFLSfRJJnS02/view?usp=sharing
TB_547,https://drive.google.com/file/d/1JPTFUj5qhubZZ3s0FXW-Oz2y3QBy39FZ/view?usp=sharing
TB_555,https://drive.google.com/file/d/1xPlEgW08kukmmKzkaN-qW0MBPhFN4cIa/view?usp=sharing
TB_572,https://drive.google.com/file/d/1B5A2YZLoNiJ9OAx-dliwZ53zdY1ZnZ5L/view?usp=sharing
TB_581,https://drive.google.com/file/d/1VETqr1dGfImOurRhX0LC0z6Xq8CA5txR/view?usp=sharing
TB_606,https://drive.google.com/file/d/1B823NU2UNdXOv278oJPsvBK3rqTy6u-F/view?usp=sharing
TB_616,https://drive.google.com/file/d/1jEB_i1TcYfrUeGWBZJur0aTT-KkJPPBC/view?usp=sharing
TB_617,https://drive.google.com/file/d/1WiL9IrDDxGXi4YVPEC3RKkFIzn_UgWpw/view?usp=sharing
TB_619,https://drive.google.com/file/d/1FMt3wNFpU771fH1APzhTG18DwhWQ9Old/view?usp=sharing
TB_620,https://drive.google.com/file/d/1zMr1HmBd5tDKu9Wfh6EkBP_oWEcWXCuI/view?usp=sharing
TB_622,https://drive.google.com/file/d/1qHu6zrk6tpFKUISQ7r7fkNj-PRsd3FLm/view?usp=sharing
TB_631,https://drive.google.com/file/d/1irhXDpdxJVIyO92BhUzZsCHtRgywkxtZ/view?usp=sharing
TB_663,https://drive.google.com/file/d/1L7Oj_J0u9n5D1wuvgX9cEA_qVlhaEpHC/view?usp=sharing
TB_667,https://drive.google.com/file/d/1iIY__0NQE_4OqpqbGtIfWFWrLVaqP_p2/view?usp=sharing
TB_712,https://drive.google.com/file/d/1g63ICF5AxIIcR98Cyvm4-BmAhKs3lt0d/view?usp=sharing
TB_750,https://drive.google.com/file/d/13cTKFUzgx-i_Kaa1cRcFH6MX2Tc7NafR/view?usp=sharing
TB_806,https://drive.google.com/file/d/1g6FAwS5iPxm-0TBOJADvSi2HiZOvnVz1/view?usp=sharing
TB_823,https://drive.google.com/file/d/1quzmQMi_-vnMjSCbuRdLutWMItkdrkmn/view?usp=sharing
TB_828,https://drive.google.com/file/d/1lO04b5m7z0sSXD2hLL5SaJ7GBvw3nt63/view?usp=sharing
TB_886,https://drive.google.com/file/d/1k5Qt8cnqN4lKaipwdLrI5us5xpwAUo_r/view?usp=sharing
TB_902,https://drive.google.com/file/d/1ZlOfzIqWt-xa51GETkv1nsHJh2PN9kj_/view?usp=sharing
TB_903,https://drive.google.com/file/d/1i_MfRFdvdNMk5wfYIeAhOwMS4xsIK2RW/view?usp=sharing
TB_906,https://drive.google.com/file/d/1BN3Dc_tyoXuq-bJ66Ej-mb5o9kUVbfAw/view?usp=sharing
TB_913,https://drive.google.com/file/d/128J8rniZJ5kFc7mLR9vHm8BbVFTdkg-Y/view?usp=sharing
TB_915,https://drive.google.com/file/d/1dFGeAdFJ2uNu-Sk4EjLjHRh-h2I5vJHD/view?usp=sharing
TB_976,https://drive.google.com/file/d/18d88RrM2y1yKdVcKmXHT3NClbnw2ViYn/view?usp=sharing
TB_986,https://drive.google.com/file/d/1fc8GiYP9w7anFvDiu2slOHEFCSHHelYr/view?usp=sharing
TB_1117,https://drive.google.com/file/d/1RyiNgYJNlkTwVTLO_LejW4GaaBt4kNVJ/view?usp=sharing
TB_1101,https://drive.google.com/file/d/1cnHjNcEKqTdXZw7dtSRxKsLMXh40BAYl/view?usp=sharing
TB_1120,https://drive.google.com/file/d/1iwtffohlVh6xD8fDL7YuM1Vp4fj-NWy4/view?usp=sharing
TB_1136,https://drive.google.com/file/d/1-RC9wMjpom7VgOwOdChoDWRGxvtEJJy2/view?usp=sharing
TB_1252,https://drive.google.com/file/d/1wsjWfiE8PMSf3ZtiFZusZit5TOP4hoiU/view
TB_1333,https://drive.google.com/file/d/12U0Gw9BiV3nmzssm_3U4pejpj33dbhyf/view
TB_1210,
QD_101,https://drive.google.com/file/d/1RtYQ4HpdIg6t36LMxa4F1g0_B7q9V5MO/view
QD_264,https://drive.google.com/file/d/1byuhZ_uqhR_-UTzNCm9uwiuFE0sd8Fju/view
QD_285,https://drive.google.com/file/d/1cqRuk1K4hc1gyjL_501nr-RmTicb-D2W/view?usp=sharing
QD_360,https://drive.google.com/file/d/1NroodBJwdCs9gZJH_suoHgWApiv_fS4W/view
QD_433,https://drive.google.com/file/d/1M1QKI13eXEIrm5wOda2CIdGnVe349hzm/view
QD_468,https://drive.google.com/file/d/13Yjcec23ylhU0r3-L84y_us04kCHD67-/view
QD_558,https://drive.google.com/file/d/1zGzbrEX0TDG7h1Kh_3SS_sbJYwzjMVll/view
QD_812,https://drive.google.com/file/d/1eRcjm7TloAzTzMZdtGuxIiNlvGCD4waE/view
QD_866,https://drive.google.com/file/d/1OlSSW5d4GBRmnaFPxW8Wvv-LyeWlPBkA/view
QD_868,https://drive.google.com/file/d/1KWTJnXV3htz8GuvtbZb9VAaeRzPpaGSM/view
QD_875,https://drive.google.com/file/d/1qDN4UnFsEXDLvgx-VS82A-nhD9qvJYaB/view
QD_895,https://drive.google.com/file/d/1NJcj99hDSIEGIIv-b0zDVi7yJSAWH3UO/view
QD_931,https://drive.google.com/file/d/1Qyg3fuT1_SZQlRKXoMj4JaPAF78mHUHN/view
QD_1153,https://drive.google.com/file/d/1XLT9EfvJuOBcy3zghnml0mFMs98QAfMB/view
QD_1221,https://drive.google.com/file/d/1WJKsvAmKakCmJqbKwl2W4X1CD6_J0_jE/view?usp=sharing
QD_1329,https://drive.google.com/file/d/1E0I7oWyJB31gHf89rY6RJ9IZUbKQjhuI/view?usp=sharing
QD_1341,https://drive.google.com/file/d/1vHZmK3JmdolqJNDPyg7PZy5zqt3ytX8s/view
QD_1350,https://drive.google.com/file/d/11zWsO2TgaRzCW-sxh2GEuvvX5ELwqa07/view?usp=sharing
QD_1351,https://drive.google.com/file/d/1EsGeUsXmC7zyql2NaARUPoW7CuDn8wN3/view?usp=sharing
QD_1337,https://drive.google.com/file/d/1vJu3h4eaK6OFM8rqer-d_39uS9G4j3b2/view?usp=sharing
QD_1383,https://drive.google.com/file/d/17oeE7AuB4Pbo_mAHs0d1ZsD2vSJjIwk6/view?usp=sharing
QD_1414,https://drive.google.com/file/d/1C-EWEd9cekQE0PmUwIXBhNkxGxDjQrG1/view
QD_1485,https://drive.google.com/file/d/1lg219TVIRfeAsBd2rELyKmrmBty3neV4/view?usp=sharing
QD_1535,https://drive.google.com/file/d/1zecElSiRJzWLCXYvtAwznXxeyl6VMH6Z/view?usp=sharing
QD_1733,https://drive.google.com/file/d/1cSsglpPMrtgxELc6PADqdwAkMUGs5k4g/view
QD_1863,https://drive.google.com/file/d/1eJyNjrH_S-MIgsGzhzp4pP1xbe7vqXRR/view
QD_2004,https://drive.google.com/file/d/1qoBZ3fBJwhDQx7B-QEQIiA0XQscJoKjk/view?usp=sharing
QD_2068,https://drive.google.com/file/d/1QG5Dwou3ssnDHvesHmKl5OgK7pSx0gjC/view
QD_2080,https://drive.google.com/file/d/1SO5V5Uq3apsVVce3qYDOpJbF8FY0r_JZ/view?usp=sharing
QD_2185,https://drive.google.com/file/d/1OJtFDqs94gI9hwXgM2EvJZS1w0XHFkfg/view
QD_2190,https://drive.google.com/file/d/1Eyi9ee3JmKQZrcOovs43k5JuM53UkfsP/view
QD_2527,https://drive.google.com/file/d/1aQy0fYvFV_AaWfO4pxy0NN_Urtktlgop/view
QD_2882,https://drive.google.com/file/d/1CZZQDpsWV-7QSUzehlLSM9WArpOTSrKj/view?usp=sharing
QD_2323,https://drive.google.com/file/d/1mnFDLhh69lHIITBJMsGENVn4etOjcAif/view?usp=sharing
QD_2346,https://drive.google.com/file/d/1mnFDLhh69lHIITBJMsGENVn4etOjcAif/view?usp=sharing
QD_2188,https://drive.google.com/file/d/1hXhAn7G6LxGL64NfFy7ZaRjoQhi2eiX8/view?usp=sharing
QD_2103,https://drive.google.com/file/d/1VU44VC_AT-N5Nsa41PIzpmgLTjNNyoI0/view?usp=sharing
QD_2287,https://drive.google.com/file/d/1da9d6sNlbWKrU7_XOucdDWQ2I_6PeI2r/view?usp=sharing
QD_2199,https://drive.google.com/file/d/14yj6DzVGhJgpZe_gMPbeYMBWMfW7I3_q/view?usp=sharing
QD_2104,https://drive.google.com/file/d/1Lw-PRq7Aj6-_NlnmjYrytStyzw8nwk6O/view?usp=sharing
QD_2100,https://drive.google.com/file/d/1dCNmSXhpbMqNX7vccTr9ldpOmIVlhDrP/view?usp=sharing
QD_2310,https://drive.google.com/file/d/1Cr1-MJqTpumRbuRnbu6TM-dwRep5Z39A/view?usp=sharing
QD_2445,https://drive.google.com/file/d/1HlHSBb7JzrYlS8AxFgpIxRmVH_B1yKSm/view?usp=sharing
QD_2469,https://drive.google.com/file/d/1uReWAtdN_SjWSgXNsRcaoG1T3hvGzfPC/view?usp=sharing
QD_2598,https://drive.google.com/file/d/1Lx9JcKyZLgz67SX05AmmnvhDeabPsMtm/view?usp=sharing
QD_2599,https://drive.google.com/file/d/19VUyoqSdWBxdUv_j2mUArsAUpCqBHC9y/view?usp=sharing
QD_2087,https://drive.google.com/file/d/1MgYEcG2z_5gtoXXTafkQsCgHrqrVrigH/view?usp=sharing
QD_1942,https://drive.google.com/file/d/1vhgZ6fXyib7xZfQ6xJ65A3mrHz63bMOg/view?usp=sharing
QD_1940,https://drive.google.com/file/d/1sqy8d1cjs8vX5HOZSBOaq_xy4FTThIWc/view?usp=sharing
QD_1939,https://drive.google.com/file/d/12jeUEVqo86szbiLnl6RaxgTW_DMNEr4t/view?usp=sharing
QD_1938,https://drive.google.com/file/d/16s-UQfnHWv88wLoD_MJGeLnkdaTZCmIS/view?usp=sharing
QD_1937,https://drive.google.com/file/d/1rc8kpS-YEsJV0U7GIlR-oh-IiMWHX4SG/view?usp=sharing
QD_1370,https://drive.google.com/file/d/1x6n1roy-mFSYByVDt2x8x5jBdCbN0BIJ/view?usp=sharing
QD_1936,https://drive.google.com/file/d/1fKhkRYGEe-INp1sjx6JpoIBiaS6VUiIz/view?usp=sharing
QD_1934,https://drive.google.com/file/d/1k_GfIogMbpiU4hkssLAnfAKaFb_em8a3/view?usp=sharing
QD_1845,https://drive.google.com/file/d/1vhgZ6fXyib7xZfQ6xJ65A3mrHz63bMOg/view?usp=sharing
QD_1827,https://drive.google.com/file/d/1UlGoLh5B7i7cwIDERt4f6532b9aQvKxN/view?usp=sharing
QD_1500,https://drive.google.com/file/d/1FnKMvsJEO5zErGjP_89xcIPVJ-0ghHEe/view?usp=sharing
QD_1499,https://drive.google.com/file/d/1BGL0r6MLxJySYsnI6_KVm9Df9mFIw5qB/view?usp=sharing
QD_1498,https://drive.google.com/file/d/1e1L6LmPR6KUbyBeHqYIGU5iKKiBBBKK_/view?usp=sharing
QD_1485,https://drive.google.com/file/d/1JQ-O0U6W8uhpyILiNLXOlspKbhcT09eI/view?usp=sharing
QD_1469,https://drive.google.com/file/d/1JRAUTQD3-KyuGiQLaSrMeX93aHlt1KkB/view?usp=sharing
QD_1429,https://drive.google.com/file/d/1v5jS769k0dYo2BfYixOPPKi4HKUoaogf/view?usp=sharing
QD_1407,https://drive.google.com/file/d/12YmDURLM6B5DUuac2Fw85viXDos2SGBl/view?usp=sharing
QD_1405,https://drive.google.com/file/d/1lBCDhUR_ql3z6zp0wSbJmTS1qkOO0cAZ/view?usp=sharing
QD_1389,https://drive.google.com/file/d/1SAUC2QWZSAfQr65r0j8TPwKN0gQRHaS8/view?usp=sharing
QD_1327,https://drive.google.com/file/d/11KeJswWOt2d6gcaoEOYRDgQxyiSOx6e0/view?usp=sharing
QD_1326,https://drive.google.com/file/d/1tnROyX8IbJuNkydMhQqu3q79Ytow34OI/view?usp=sharing
QD_1324,https://drive.google.com/file/d/1gOlCE-myQCbtHM06c96cPOXJOTKF5UmO/view?usp=sharing
QD_1303,https://drive.google.com/file/d/1BvuKAJCQFhNr79P5KXLDjN2LLWOomaxR/view?usp=sharing
QD_1279,https://drive.google.com/file/d/1TUyFxT4R4qHq6xA7Jh0Crsd03_9X2Nm4/view?usp=sharing
QD_1275,https://drive.google.com/file/d/1by3_4R9WtqgXYEgIRC7r5xOBJdfaB5We/view?usp=sharing
QD_1193,https://drive.google.com/file/d/1kK-MQ_FF4sl9JLa1fWgvWDIq3Mp4jghD/view?usp=sharing
QD_1181,https://drive.google.com/file/d/1GKValcH0kfO1txyA6zZDOb01-np9RKHN/view?usp=sharing
QD_1180,https://drive.google.com/file/d/1ccKe3ZLihWtd0nYN-N2JvDgUizotHjSn/view?usp=sharing
QD_1179,https://drive.google.com/file/d/1KQxPuC7k_-bgs6fxnAe3P06IMMFXzVsj/view?usp=sharing
QD_1117,https://drive.google.com/file/d/1xWyxlRo2dy-4Cz2obXFqirEzDP3B-hYM/view?usp=sharing
QD_1115,https://drive.google.com/file/d/1QaPYeKP8a1k05pcfMUzgi981xiAKaDZo/view?usp=sharing
QD_1113,https://drive.google.com/file/d/1Yjzd_yY3PNXM8R5J8eJxzDLV5ctxg07g/view?usp=sharing
QD_1108,https://drive.google.com/file/d/1grcl6kXgyNDM5L0BkzKxMX6CaMtdHeCd/view?usp=sharing
QD_1107,https://drive.google.com/file/d/1afT84Vs-yDuHW46tOKChcxIsK-KY4PZe/view?usp=sharing
QD_1104,https://drive.google.com/file/d/1MLXtLLkVkQrnoHxfP01d77ZLT0hI4xi5/view?usp=sharing
QD_1027,https://drive.google.com/file/d/1yh-nCGUrAKRf8obX-rlf6OBWwlQcNJWh/view?usp=sharing
QD_1026,https://drive.google.com/file/d/1hNmDeZCrG_09klqopFHnp36rNLDHDao_/view?usp=sharing
QD_1024,https://drive.google.com/file/d/1vrracLmvNF8KHJDiPCAEDCbFDPiezlx0/view?usp=sharing
QD_978,https://drive.google.com/file/d/1cndb_yPDNBCDY2i6-tGlf4d6GoGGgGNE/view?usp=sharing
QD_897,https://drive.google.com/file/d/1fvJKVuOLUzEa7Wl5-5IQ4LMyb7_sLSbd/view?usp=sharing
QD_834,https://drive.google.com/file/d/1CyWGh_bCYm1wTl1onJ01LyZx39Ksvtcu/view?usp=sharing
QD_833,https://drive.google.com/file/d/1f_-WBWnQvy2e-mXeyvo1kXWNBwVHr8g_/view?usp=sharing
QD_825,https://drive.google.com/file/d/1VgP-KGg7U4IxpMeapAUc475MZF8EebN-/view?usp=sharing
QD_805,https://drive.google.com/file/d/10BrHY-27zWwLsOn8REEsF3S7wZYsUSOq/view?usp=sharing
QD_803,https://drive.google.com/file/d/1kL7qFyZCOswPJ6p6FO5bCFPypEDRWZHl/view?usp=sharing
QD_801,https://drive.google.com/file/d/1mnkhhIh7d-zweC77my4mvYQG1xOZdmZk/view?usp=sharing
QD_717,https://drive.google.com/file/d/11z6pHsffNMLhiHQ7OB5DBFjY9NGZVWP8/view?usp=sharing
QD_704,https://drive.google.com/file/d/1aleMoaTsbXs3yf_9zWWzgHfJh2PokLpi/view?usp=sharing
QD_504,https://drive.google.com/file/d/1XN0_vn1RTDSVsYaPehQL5uZ_pR04P6gI/view?usp=sharing
QD_444,https://drive.google.com/file/d/1AaTtThP-pn0Hzs0u2V_C6V8z-PVKFyZd/view?usp=sharing
QD_434,https://drive.google.com/file/d/1DNXc8fLO2ngNOlQP84vlkHHPszVqCI-4/view?usp=sharing
QD_432,https://drive.google.com/file/d/1a5I5FwO6n4w2k4tj2YLvxYrmrnM-Ls5a/view?usp=sharing
QD_431,https://drive.google.com/file/d/1OWg5i-kn4LeMEoHEIZBFTCLqX5NNc3EX/view?usp=sharing
QD_197,https://drive.google.com/file/d/1OWg5i-kn4LeMEoHEIZBFTCLqX5NNc3EX/view?usp=sharing
QD_196,https://drive.google.com/file/d/1VT5ckcK1b_1WjnsNcCMyckgzFnP3kMFX/view?usp=sharing
QD_195,https://drive.google.com/file/d/1mtvp-kcyCo0wpIR_dkbyycirZ90SKkW7/view?usp=sharing
QD_193,https://drive.google.com/file/d/1wpseIgDoBAcDOLXZVbvmFNLkBEukMwp7/view?usp=sharing
QD_191,https://drive.google.com/file/d/1_fnKhggqfAxFM13TW_ZoQWnX_uXWZNMi/view?usp=sharing
QD_74,https://drive.google.com/file/d/1f9o_fxO7xsJvPSvjqPhHRVh-jAf6-FE_/view?usp=sharing
QD_16,https://drive.google.com/file/d/1vAVkwMMDX5xqF9tGToyZFfsp33peQJu3/view?usp=sharing
QD_2424,https://drive.google.com/file/d/1ovmk5-AzRfYyb8ya1TuATeujNaG7A5ha/view?usp=sharing
QD_811,https://drive.google.com/file/d/1v0JERffMI0DCwVMbPLeSSijzHjnlo2XF/view?usp=sharing
QD_1497,https://drive.google.com/file/d/1FvB3pzVgYw9A4pvlY9p2eAUyP52HkoNZ/view?usp=sharing
BDU_432,https://drive.google.com/file/d/1Sv03ATRc87hVlo6NxH0y5Xg3WZ3QFR_D/view?usp=sharing
BDU_697,https://drive.google.com/file/d/1p0ybUrYrcC57dpEU-U1IyJU9ct9pC3UK/view?usp=sharing
VBK_700,https://drive.google.com/file/d/1sECC4sYAcaJ3MiKYjyOuAZpr6NI124DX/view?usp=sharing
VBK_609,https://drive.google.com/file/d/1dRQj0PXY7iowDpPHHBvSkNM-NUmhKj9H/view?usp=sharing
BC-P.BĐCL&KT_94,https://drive.google.com/file/d/1qnqwp0PhsDo_EjfDGBbiKPT3Oo8qERhG/view?usp=sharing
,
QD_2324,https://drive.google.com/file/d/1Pgd4cL_Q6cBM3NjixP6m_OQTSBnLVCG-/view?usp=sharing
QD_2345,https://drive.google.com/file/d/1-3chqTOgUnV_CNKdyhwHA3WKrZE6MBwb/view?usp=sharing
QD_2598,https://drive.google.com/file/d/1Lx9JcKyZLgz67SX05AmmnvhDeabPsMtm/view?usp=sharing
QD_2631,https://drive.google.com/file/d/1-2ODkroqKso18ZAR6VDNVSiJgh8S8sy-/view?usp=sharing
QD_2641,https://drive.google.com/file/d/1csBOOi-Gco4GVMv_rwViyZfi0lCYqrRF/view?usp=sharing
TB_1208,https://drive.google.com/file/d/1hC7vnITvxDwfHPI54D-Ok6xdxlRBk2WW/view?usp=sharing
TB_1209,https://drive.google.com/file/d/1lPefsTgpml2AQj0-Z1h7Jzy3fDZ9hPPk/view?usp=sharing
TB_1210,https://drive.google.com/file/d/1RjCspjvGTja9lTrFsFQaojMICz8gfndt/view?usp=sharing
TB_1211,https://drive.google.com/file/d/1BUaoyq0VIBpJo-XZ00veTN0CVumqVOrA/view?usp=sharing
TB_1220,https://drive.google.com/file/d/1hZh_t3LtBQe75sGbmBMsWVm26M3_H2-a/view?usp=sharing
QD_2686,https://drive.google.com/file/d/1K4zr-d_hviHvkyOY6WOYPO7wUNhRPbhD/view?usp=sharing
QD_2712,https://drive.google.com/file/d/1z4VurQJHHpmzzNSJYtv1uAD51ELJI9RC/view?usp=sharing
KH_1251,https://drive.google.com/file/d/18EQ1TSuYtW91L-zQbvZMVEnsiOA0HnwH/view?usp=sharing
KH_1256,https://drive.google.com/file/d/1hzB-X2dRD5vYu-PifqlwAZx59AUCq1oP/view?usp=sharing
KH_885,https://drive.google.com/file/d/1GlGlJD4Di_-UXka3CgpQId0c6qhRkOH2/view?usp=sharing
TB_1101,https://drive.google.com/file/d/1cnHjNcEKqTdXZw7dtSRxKsLMXh40BAYl/view?usp=sharing
TB_1120,https://drive.google.com/file/d/1iwtffohlVh6xD8fDL7YuM1Vp4fj-NWy4/view?usp=sharing